time,queue
0,0
5,0
6,398
8,0
9,137
11,0
12,135
14,0
15,142
17,0
18,118
20,63
21,137
23,0
24,209
26,28
27,146
29,0
30,146
32,0
33,125
35,0
36,139
38,94
39,153
41,98
42,196
44,18
45,232
47,0
48,176
50,0
51,153
53,0
54,138
56,26
57,134
59,0
60,159
62,0
63,134
65,0
66,143
68,0
69,126
71,0
72,124
74,0
75,125
77,0
78,149
80,0
81,132
83,0
84,131
86,0
87,121
89,0
90,127
92,0
93,126
95,37
96,102
98,0
99,161
101,0
102,138
104,0
105,115
107,0
108,131
110,0
111,153
113,0
114,154
116,0
117,123
119,0
120,137
122,0
123,126
125,0
126,127
128,0
129,132
131,0
132,127
134,31
135,143
137,0
138,177
140,0
141,130
143,0
144,119
146,0
147,109
149,0
150,130
152,0
153,115
155,0
156,110
158,0
159,115
161,0
162,134
164,0
165,123
167,0
168,140
170,103
171,128
173,103
174,227
176,86
177,232
179,0
180,210
182,79
183,130
185,32
186,220
188,0
189,158
191,0
192,124
194,78
195,127
197,0
198,233
200,0
201,129
203,0
204,131
206,0
207,137
209,0
210,134
212,0
213,154
215,0
216,130
218,0
219,120
221,95
222,125
224,61
225,221
227,70
228,204
230,31
231,203
233,19
234,147
236,0
237,160
239,0
240,127
242,27
243,139
245,147
246,158
248,204
249,284
251,0
252,317
254,0
255,125
257,0
258,137
260,0
261,146
263,0
264,147
266,0
267,150
269,0
270,144
272,0
273,140
275,0
276,146
278,0
279,120
281,0
282,156
284,0
285,125
287,0
288,128
290,0
291,131
293,0
294,120
296,0
297,129
299,0
300,108
302,0
303,125
305,0
306,137
308,0
309,161
311,151
312,143
314,83
315,289
317,3
318,213
320,0
321,129
323,0
324,138
326,0
327,140
329,97
330,117
332,98
333,233
335,108
336,241
338,0
339,210
341,0
342,136
344,0
345,136
347,0
348,137
350,0
351,111
353,0
354,135
356,12
357,128
359,0
360,145
362,0
363,133
365,0
366,139
368,0
369,131
371,45
372,126
374,71
375,168
377,103
378,217
380,0
381,229
383,0
384,125
386,0
387,130
389,0
390,122
392,0
393,144
395,0
396,128
398,0
399,151
401,80
402,151
404,153
405,215
407,20
408,294
410,0
411,162
413,0
414,123
416,0
417,136
419,0
420,135
422,0
423,119
425,78
426,137
428,98
429,214
431,18
432,236
434,0
435,143
437,0
438,136
440,0
441,122
443,0
444,154
446,27
447,134
449,118
450,161
452,0
453,224
455,0
456,133
458,0
459,134
461,0
462,130
464,0
465,131
467,19
468,118
470,0
471,150
473,10
474,149
476,0
477,150
479,0
480,125
482,0
483,113
485,0
486,129
488,135
489,138
491,0
492,265
494,116
495,127
497,11
498,250
500,0
501,140
503,0
504,136
506,0
507,117
509,0
510,142
512,0
513,154
515,0
516,127
518,0
519,121
521,0
522,114
524,0
525,127
527,0
528,138
530,39
531,124
533,0
534,151
536,0
537,143
539,61
540,153
542,33
543,190
545,0
546,168
548,27
549,115
551,0
552,180
554,0
555,132
557,13
558,146
560,0
561,158
563,0
564,117
566,3
567,147
569,0
570,139
572,0
573,128
575,0
576,123
578,0
579,127
581,0
582,123
584,0
585,127
587,0
588,137
590,76
591,147
593,0
594,205
596,0
597,148
599,7
600,137
602,0
603,121
605,0
606,136
608,0
609,148
611,0
612,139
614,0
615,122
617,0
618,125
620,0
621,160
623,0
624,136
626,0
627,134
629,0
630,134
632,0
633,104
635,0
636,141
638,0
639,134
641,0
642,137
644,0
645,118
647,79
648,146
650,0
651,207
653,0
654,136
656,74
657,144
659,0
660,205
662,0
663,129
665,0
666,114
668,20
669,114
671,0
672,146
674,0
675,127
677,0
678,116
680,43
681,132
683,0
684,174
686,0
687,119
689,0
690,123
692,0
693,127
695,0
696,142
698,0
699,135
701,0
702,160
704,0
705,130
707,56
708,126
710,0
711,181
713,0
714,123
716,0
717,123
719,0
720,119
722,0
723,146
725,0
726,142
728,0
729,114
731,34
732,128
734,0
735,159
737,0
738,134
740,0
741,137
743,0
744,137
746,0
747,135
749,0
750,114
752,0
753,126
755,0
756,145
758,0
759,125
761,0
762,136
764,0
765,138
767,0
768,145
770,0
771,123
773,0
774,124
776,0
777,128
779,0
780,157
782,0
783,135
785,0
786,129
788,155
789,150
791,21
792,281
794,0
795,141
797,0
798,123
800,30
801,145
803,0
804,174
806,0
807,142
809,0
810,114
812,0
813,137
815,0
816,133
818,0
819,139
821,0
822,134
824,0
825,134
827,49
828,148
830,0
831,183
833,0
834,134
836,0
837,147
839,63
840,130
842,0
843,192
845,0
846,120
848,0
849,128
851,0
852,136
854,29
855,148
857,0
858,157
860,2
861,150
863,0
864,133
866,0
867,127
869,0
870,130
872,0
873,109
875,0
876,139
878,25
879,138
881,0
882,148
884,0
885,141
887,42
888,132
890,0
891,178
893,0
894,132
896,59
897,130
899,0
900,195
902,0
903,133
905,73
906,129
908,40
909,205
911,5
912,162
914,0
915,133
917,0
918,130
920,0
921,125
923,0
924,134
926,59
927,142
929,46
930,189
932,0
933,179
935,0
936,146
938,0
939,154
941,0
942,147
944,0
945,127
947,0
948,133
950,0
951,144
953,0
954,150
956,0
957,140
959,0
960,114
962,0
963,125
965,43
966,161
968,15
969,185
971,0
972,149
974,0
975,133
977,0
978,136
980,20
981,143
983,0
984,143
986,0
987,157
989,0
990,142
992,0
993,143
995,0
996,123
998,0
999,114
1001,0
1002,131
1004,0
1005,146
1007,0
1008,145
1010,109
1011,137
1013,0
1014,232
1016,66
1017,155
1019,0
1020,191
1022,0
1023,127
1025,0
1026,147
1028,0
1029,138
1031,0
1032,124
1034,0
1035,145
1037,0
1038,143
1040,0
1041,136
1043,0
1044,123
1046,0
1047,138
1049,0
1050,143
1052,72
1053,117
1055,0
1056,195
1058,0
1059,152
1061,0
1062,127
1064,0
1065,140
1067,0
1068,135
1070,0
1071,124
1073,0
1074,134
1076,78
1077,131
1079,0
1080,216
1082,0
1083,128
1085,0
1086,147
1088,0
1089,135
1091,42
1092,126
1094,0
1095,179
1097,0
1098,142
1100,0
1101,112
1103,0
1104,150
1106,0
1107,143
1109,83
1110,163
1112,70
1113,213
1115,134
1116,209
1118,114
1119,280
1121,0
1122,242
1124,0
1125,145
1127,0
1128,145
1130,0
1131,111
1133,12
1134,127
1136,0
1137,144
1139,0
1140,131
1142,0
1143,135
1145,26
1146,132
1148,0
1149,154
1151,0
1152,134
1154,0
1155,133
1157,0
1158,136
1160,0
1161,123
1163,0
1164,130
1166,0
1167,129
1169,62
1170,125
1172,0
1173,188
1175,0
1176,123
1178,0
1179,142
1181,0
1182,141
1184,42
1185,147
1187,20
1188,171
1190,0
1191,151
1193,50
1194,153
1196,95
1197,170
1199,0
1200,253
1202,0
1203,129
1205,0
1206,121
1208,0
1209,143
1211,0
1212,126
1214,0
1215,143
1217,0
1218,131
1220,0
1221,123
1223,0
1224,122
1226,0
1227,144
1229,0
1230,143
1232,0
1233,126
1235,0
1236,124
1238,0
1239,143
1241,0
1242,128
1244,0
1245,140
1247,0
1248,137
1250,0
1251,135
1253,21
1254,133
1256,0
1257,139
1259,0
1260,125
1262,0
1263,115
1265,0
1266,139
1268,2
1269,141
1271,0
1272,130
1274,0
1275,130
1277,0
1278,151
1280,0
1281,142
1283,35
1284,126
1286,0
1287,160
1289,0
1290,144
1292,0
1293,124
1295,0
1296,122
1298,12
1299,123
1301,0
1302,158
1304,0
1305,129
1307,0
1308,157
1310,0
1311,133
1313,0
1314,125
1316,0
1317,132
1319,0
1320,149
1322,4
1323,109
1325,0
1326,119
1328,0
1329,133
1331,0
1332,141
1334,59
1335,141
1337,0
1338,192
1340,0
1341,125
1343,0
1344,134
1346,20
1347,142
1349,0
1350,154
1352,0
1353,128
1355,0
1356,146
1358,0
1359,133
1361,0
1362,151
1364,0
1365,122
1367,0
1368,113
1370,0
1371,128
1373,0
1374,123
1376,0
1377,127
1379,35
1380,147
1382,51
1383,175
1385,0
1386,182
1388,200
1389,147
1391,0
1392,335
1394,0
1395,150
1397,0
1398,130
1400,0
1401,113
1403,0
1404,129
1406,0
1407,131
1409,0
1410,125
1412,0
1413,125
1415,24
1416,140
1418,0
1419,168
1421,52
1422,155
1424,0
1425,181
1427,0
1428,143
1430,39
1431,140
1433,0
1434,162
1436,0
1437,140
1439,39
1440,141
1442,0
1443,161
1445,23
1446,138
1448,0
1449,167
1451,0
1452,118
1454,0
1455,141
1457,40
1458,122
1460,0
1461,154
1463,0
1464,145
1466,0
1467,142
1469,0
1470,127
1472,0
1473,118
1475,0
1476,139
1478,0
1479,149
1481,0
1482,143
1484,0
1485,149
1487,0
1488,125
1490,0
1491,133
1493,0
1494,129
1496,0
1497,133
1499,0
1500,130
1502,0
1503,137
1505,0
1506,130
1508,0
1509,127
1511,0
1512,140
1514,0
1515,137
1517,91
1518,142
1520,0
1521,230
1523,0
1524,109
1526,0
1527,119
1529,0
1530,138
1532,0
1533,145
1535,0
1536,143
1538,0
1539,134
1541,0
1542,128
1544,0
1545,119
1547,0
1548,137
1550,0
1551,126
1553,64
1554,173
1556,0
1557,202
1559,0
1560,146
1562,0
1563,118
1565,27
1566,118
1568,0
1569,153
1571,8
1572,145
1574,0
1575,153
1577,0
1578,134
1580,0
1581,134
1583,0
1584,128
1586,0
1587,156
1589,0
1590,144
1592,0
1593,148
1595,0
1596,109
1598,0
1599,132
1601,0
1602,125
1604,0
1605,148
1607,0
1608,127
1610,0
1611,110
1613,7
1614,136
1616,0
1617,150
1619,0
1620,144
1622,0
1623,121
1625,237
1626,126
1628,174
1629,369
1631,72
1632,304
1634,0
1635,207
1637,0
1638,146
1640,0
1641,118
1643,0
1644,125
1646,0
1647,127
1649,0
1650,136
1652,0
1653,137
1655,0
1656,130
1658,0
1659,139
1661,0
1662,140
1664,0
1665,126
1667,26
1668,132
1670,126
1671,164
1673,0
1674,256
1676,0
1677,141
1679,0
1680,133
1682,0
1683,133
1685,0
1686,112
1688,0
1689,130
1691,0
1692,122
1694,0
1695,138
1697,0
1698,139
1700,0
1701,116
1703,0
1704,125
1706,15
1707,135
1709,39
1710,145
1712,71
1713,179
1715,0
1716,215
1718,0
1719,131
1721,0
1722,141
1724,0
1725,119
1727,0
1728,128
1730,0
1731,129
1733,35
1734,126
1736,19
1737,168
1739,1
1740,143
1742,0
1743,111
1745,0
1746,114
1748,0
1749,145
1751,0
1752,138
1754,0
1755,140
1757,0
1758,127
1760,0
1761,119
1763,0
1764,137
1766,95
1767,117
1769,18
1770,217
1772,108
1773,159
1775,16
1776,223
1778,0
1779,133
1781,13
1782,113
1784,0
1785,150
1787,0
1788,150
1790,33
1791,125
1793,0
1794,164
1796,0
1797,133
1799,0
1800,141
1802,0
1803,124
1805,0
1806,129
1808,0
1809,133
1811,0
1812,151
1814,0
1815,135
1817,33
1818,138
1820,0
1821,147
1823,0
1824,132
1826,31
1827,139
1829,0
1830,163
1832,0
1833,151
1835,0
1836,126
1838,0
1839,132
1841,7
1842,144
1844,0
1845,140
1847,0
1848,110
1850,0
1851,115
1853,0
1854,143
1856,39
1857,133
1859,0
1860,183
1862,0
1863,142
1865,0
1866,139
1868,47
1869,160
1871,0
1872,166
1874,0
1875,139
1877,0
1878,126
1880,0
1881,140
1883,0
1884,115
1886,0
1887,128
1889,20
1890,145
1892,0
1893,156
1895,0
1896,117
1898,0
1899,125
1901,0
1902,136
1904,0
1905,132
1907,0
1908,144
1910,0
1911,153
1913,0
1914,129
1916,0
1917,147
1919,0
1920,129
1922,0
1923,116
1925,56
1926,136
1928,82
1929,186
1931,0
1932,189
1934,0
1935,128
1937,0
1938,128
1940,0
1941,130
1943,0
1944,141
1946,0
1947,134
1949,115
1950,122
1952,34
1953,259
1955,0
1956,185
1958,0
1959,133
1961,0
1962,117
1964,0
1965,132
1967,0
1968,142
1970,0
1971,128
1973,0
1974,139
1976,0
1977,133
1979,0
1980,124
1982,0
1983,125
1985,54
1986,148
1988,0
1989,160
1991,0
1992,129
1994,0
1995,150
1997,0
1998,120
2000,0
2001,191
2003,0
2004,126
2006,0
2007,128
2009,9
2010,130
2012,0
2013,162
2015,0
2016,136
2018,10
2019,120
2021,0
2022,146
2024,0
2025,124
2027,0
2028,151
2030,0
2031,138
2033,0
2034,145
2036,0
2037,139
2039,0
2040,135
2042,0
2043,147
2045,5
2046,103
2048,0
2049,120
2051,0
2052,123
2054,47
2055,128
2057,25
2058,182
2060,0
2061,173
2063,62
2064,152
2066,0
2067,198
2069,0
2070,125
2072,0
2073,159
2075,0
2076,152
2078,0
2079,137
2081,0
2082,113
2084,29
2085,122
2087,0
2088,183
2090,78
2091,133
2093,0
2094,203
2096,0
2097,142
2099,0
2100,136
2102,104
2103,145
2105,0
2106,242
2108,8
2109,136
2111,0
2112,142
2114,0
2115,124
2117,0
2118,141
2120,0
2121,124
2123,0
2124,130
2126,0
2127,139
2129,56
2130,138
2132,36
2133,183
2135,31
2136,179
2138,26
2139,158
2141,80
2142,174
2144,81
2145,221
2147,0
2148,205
2150,0
2151,132
2153,0
2154,140
2156,0
2157,136
2159,0
2160,128
2162,0
2163,152
2165,0
2166,129
2168,0
2169,124
2171,0
2172,133
2174,0
2175,125
2177,0
2178,140
2180,0
2181,135
2183,0
2184,136
2186,0
2187,107
2189,0
2190,141
2192,0
2193,139
2195,24
2196,114
2198,0
2199,187
2201,0
2202,134
2204,0
2205,134
2207,8
2208,135
2210,0
2211,160
2213,0
2214,136
2216,0
2217,125
2219,0
2220,129
2222,0
2223,126
2225,0
2226,135
2228,52
2229,129
2231,89
2232,177
2234,0
2235,222
2237,0
2238,108
2240,0
2241,139
2243,0
2244,126
2246,0
2247,124
2249,0
2250,140
2252,0
2253,145
2255,0
2256,146
2258,0
2259,127
2261,0
2262,141
2264,0
2265,132
2267,0
2268,135
2270,0
2271,124
2273,0
2274,127
2276,0
2277,124
2279,0
2280,134
2282,0
2283,128
2285,0
2286,116
2288,0
2289,139
2291,0
2292,129
2294,0
2295,135
2297,0
2298,126
2300,0
2301,130
2303,0
2304,136
2306,0
2307,136
2309,0
2310,140
2312,0
2313,124
2315,0
2316,130
2318,0
2319,142
2321,0
2322,138
2324,0
2325,129
2327,17
2328,149
2330,0
2331,137
2333,0
2334,128
2336,0
2337,120
2339,0
2340,127
2342,0
2343,159
2345,43
2346,163
2348,0
2349,183
2351,0
2352,137
2354,0
2355,134
2357,19
2358,137
2360,0
2361,139
2363,0
2364,133
2366,0
2367,158
2369,0
2370,129
2372,0
2373,118
2375,0
2376,138
2378,0
2379,152
2381,0
2382,127
2384,0
2385,144
2387,0
2388,140
2390,0
2391,126
2393,0
2394,143
2396,0
2397,141
2399,0
2400,128
2402,0
2403,146
2405,0
2406,129
2408,0
2409,113
2411,0
2412,143
2414,1
2415,131
2417,0
2418,130
2420,0
2421,143
2423,0
2424,141
2426,0
2427,156
2429,0
2430,123
2432,59
2433,125
2435,0
2436,207
2438,53
2439,124
2441,0
2442,182
2444,0
2445,139
2447,0
2448,119
2450,0
2451,124
2453,40
2454,120
2456,0
2457,169
2459,0
2460,143
2462,0
2463,134
2465,0
2466,144
2468,0
2469,125
2471,0
2472,138
2474,0
2475,130
2477,0
2478,133
2480,0
2481,130
2483,75
2484,142
2486,90
2487,229
2489,0
2490,212
2492,0
2493,124
2495,0
2496,134
2498,0
2499,105
2501,0
2502,123
2504,0
2505,140
2507,0
2508,141
2510,0
2511,112
2513,0
2514,122
2516,0
2517,132
2519,0
2520,146
2522,0
2523,150
2525,0
2526,146
2528,0
2529,134
2531,0
2532,123
2534,0
2535,137
2537,0
2538,128
2540,102
2541,138
2543,137
2544,248
2546,80
2547,253
2549,18
2550,214
2552,0
2553,134
2555,50
2556,133
2558,0
2559,176
2561,0
2562,133
2564,0
2565,161
2567,0
2568,130
2570,6
2571,140
2573,0
2574,126
2576,0
2577,124
2579,0
2580,120
2582,85
2583,148
2585,0
2586,218
2588,0
2589,125
2591,0
2592,116
2594,0
2595,121
2597,0
2598,128
2600,0
2601,145
2603,0
2604,145
2606,0
2607,135
2609,0
2610,142
2612,0
2613,143
2615,15
2616,137
2618,0
2619,159
2621,0
2622,152
2624,76
2625,148
2627,54
2628,230
2630,14
2631,185
2633,58
2634,146
2636,0
2637,177
2639,10
2640,130
2642,0
2643,132
2645,0
2646,168
2648,0
2649,145
2651,0
2652,138
2654,0
2655,117
2657,0
2658,125
2660,0
2661,129
2663,0
2664,112
2666,0
2667,135
2669,0
2670,115
2672,0
2673,130
2675,0
2676,129
2678,0
2679,123
2681,0
2682,142
2684,0
2685,114
2687,66
2688,139
2690,0
2691,193
2693,128
2694,139
2696,214
2697,274
2699,132
2700,361
2702,0
2703,274
2705,0
2706,122
2708,0
2709,136
2711,0
2712,122
2714,0
2715,108
2717,0
2718,130
2720,0
2721,130
2723,0
2724,135
2726,0
2727,145
2729,0
2730,126
2732,0
2733,123
2735,0
2736,139
2738,0
2739,126
2741,0
2742,148
2744,0
2745,117
2747,0
2748,133
2750,0
2751,140
2753,0
2754,158
2756,0
2757,150
2759,49
2760,151
2762,0
2763,197
2765,27
2766,128
2768,0
2769,155
2771,0
2772,135
2774,0
2775,148
2777,0
2778,149
2780,0
2781,136
2783,0
2784,124
2786,0
2787,143
2789,0
2790,148
2792,0
2793,140
2795,0
2796,118
2798,0
2799,122
2801,0
2802,154
2804,0
2805,130
2807,0
2808,135
2810,0
2811,133
2813,0
2814,125
2816,0
2817,115
2819,0
2820,142
2822,0
2823,122
2825,0
2826,121
2828,0
2829,116
2831,0
2832,127
2834,0
2835,121
2837,0
2838,142
2840,0
2841,117
2843,0
2844,127
2846,0
2847,145
2849,0
2850,143
2852,0
2853,133
2855,0
2856,151
2858,0
2859,108
2861,0
2862,127
2864,0
2865,134
2867,0
2868,119
2870,0
2871,140
2873,51
2874,125
2876,0
2877,190
2879,0
2880,130
2882,0
2883,125
2885,0
2886,123
2888,0
2889,145
2891,151
2892,135
2894,0
2895,300
2897,0
2898,120
2900,0
2901,155
2903,27
2904,151
2906,0
2907,138
2909,0
2910,110
2912,0
2913,122
2915,7
2916,148
2918,0
2919,156
2921,71
2922,122
2924,0
2925,224
2927,0
2928,120
2930,0
2931,127
2933,9
2934,133
2936,44
2937,135
2939,0
2940,192
2942,0
2943,124
2945,0
2946,143
2948,158
2949,124
2951,57
2952,294
2954,0
2955,180
2957,0
2958,129
2960,0
2961,129
2963,0
2964,119
2966,0
2967,134
2969,0
2970,141
2972,0
2973,118
2975,0
2976,131
2978,0
2979,145
2981,0
2982,142
2984,0
2985,140
2987,0
2988,131
2990,0
2991,138
2993,98
2994,132
2996,114
2997,253
2999,1
3000,252
3002,0
3003,152
3005,0
3006,138
3008,0
3009,109
3011,93
3012,147
3014,0
3015,208
3017,0
3018,135
3020,32
3021,115
3023,29
3024,175
3026,0
3027,157
3029,0
3030,122
3032,0
3033,108
3035,0
3036,124
3038,134
3039,142
3041,32
3042,273
3044,0
3045,170
3047,0
3048,140
3050,0
3051,135
3053,45
3054,127
3056,0
3057,183
3059,0
3060,140
3062,0
3063,164
3065,0
3066,133
3068,0
3069,146
3071,0
3072,126
3074,147
3075,118
3077,78
3078,273
3080,61
3081,221
3083,110
3084,209
3086,147
3087,242
3089,61
3090,272
3092,121
3093,202
3095,0
3096,252
3098,0
3099,115
3101,0
3102,114
3104,0
3105,138
3107,0
3108,130
3110,0
3111,123
3113,69
3114,135
3116,0
3117,185
3119,0
3120,142
3122,0
3123,132
3125,0
3126,109
3128,0
3129,129
3131,231
3132,141
3134,15
3135,367
3137,0
3138,133
3140,0
3141,128
3143,0
3144,123
3146,0
3147,137
3149,0
3150,132
3152,179
3153,137
3155,79
3156,321
3158,57
3159,230
3161,0
3162,184
3164,0
3165,155
3167,0
3168,138
3170,0
3171,132
3173,0
3174,136
3176,0
3177,130
3179,30
3180,148
3182,0
3183,160
3185,0
3186,135
3188,0
3189,140
3191,0
3192,123
3194,0
3195,123
3197,0
3198,116
3200,0
3201,125
3203,0
3204,114
3206,0
3207,160
3209,47
3210,150
3212,0
3213,183
3215,0
3216,126
3218,0
3219,129
3221,0
3222,143
3224,0
3225,139
3227,0
3228,117
3230,0
3231,130
3233,0
3234,123
3236,0
3237,119
3239,0
3240,127
3242,0
3243,131
3245,0
3246,116
3248,0
3249,142
3251,0
3252,147
3254,0
3255,134
3257,0
3258,128
3260,0
3261,115
3263,0
3264,150
3266,3
3267,138
3269,0
3270,142
3272,0
3273,145
3275,0
3276,139
3278,0
3279,135
3281,0
3282,119
3284,0
3285,143
3287,0
3288,134
3290,0
3291,117
3293,0
3294,136
3296,0
3297,151
3299,26
3300,130
3302,0
3303,167
3305,0
3306,130
3308,0
3309,125
3311,56
3312,131
3314,63
3315,190
3317,0
3318,197
3320,0
3321,122
3323,0
3324,126
3326,0
3327,137
3329,0
3330,147
3332,0
3333,115
3335,35
3336,137
3338,0
3339,181
3341,55
3342,142
3344,121
3345,197
3347,13
3348,248
3350,0
3351,148
3353,0
3354,127
3356,0
3357,139
3359,0
3360,131
3362,123
3363,149
3365,23
3366,262
3368,34
3369,173
3371,0
3372,191
3374,0
3375,144
3377,0
3378,138
3380,3
3381,104
3383,0
3384,148
3386,0
3387,122
3389,14
3390,151
3392,42
3393,145
3395,0
3396,168
3398,0
3399,132
3401,0
3402,143
3404,0
3405,151
3407,0
3408,132
3410,35
3411,126
3413,0
3414,176
3416,0
3417,115
3419,0
3420,141
3422,0
3423,147
3425,24
3426,138
3428,0
3429,139
3431,0
3432,119
3434,0
3435,133
3437,36
3438,144
3440,2
3441,193
3443,0
3444,126
3446,0
3447,126
3449,0
3450,110
3452,0
3453,128
3455,0
3456,135
3458,66
3459,143
3461,0
3462,190
3464,0
3465,127
3467,0
3468,149
3470,0
3471,125
3473,0
3474,134
3476,0
3477,129
3479,0
3480,138
3482,0
3483,143
3485,0
3486,134
3488,0
3489,144
3491,0
3492,132
3494,0
3495,116
3497,0
3498,128
3500,0
3501,136
3503,0
3504,118
3506,0
3507,144
3509,0
3510,126
3512,0
3513,124
3515,0
3516,133
3518,0
3519,130
3521,37
3522,136
3524,0
3525,150
3527,0
3528,113
3530,4
3531,153
3533,7
3534,145
3536,0
3537,151
3539,0
3540,157
3542,0
3543,125
3545,0
3546,136
3548,0
3549,137
3551,0
3552,139
3554,0
3555,136
3557,0
3558,141
3560,0
3561,115
3563,0
3564,144
3566,28
3567,122
3569,0
3570,155
3572,0
3573,125
3575,0
3576,137
3578,38
3579,121
3581,96
3582,181
3584,0
3585,246
3587,0
3588,149
3590,0
3591,126
3593,6
3594,127
3596,0
3597,152
3599,105
3600,140
3602,128
3603,221
3605,0
3606,246
3608,0
3609,123
3611,0
3612,132
3614,0
3615,117
3617,0
3618,130
3620,4
3621,120
3623,27
3624,138
3626,0
3627,172
3629,5
3630,138
3632,0
3633,157
3635,0
3636,119
3638,0
3639,136
3641,0
3642,131
3644,0
3645,122
3647,0
3648,135
3650,0
3651,144
3653,258
3654,141
3656,79
3657,378
3659,0
3660,214
3662,41
3663,138
3665,131
3666,177
3668,51
3669,265
3671,130
3672,188
3674,45
3675,270
3677,63
3678,193
3680,0
3681,191
3683,0
3684,140
3686,0
3687,119
3689,16
3690,147
3692,0
3693,148
3695,51
3696,139
3698,4
3699,180
3701,56
3702,156
3704,0
3705,170
3707,65
3708,128
3710,63
3711,217
3713,43
3714,187
3716,0
3717,171
3719,0
3720,142
3722,0
3723,141
3725,0
3726,137
3728,0
3729,128
3731,38
3732,122
3734,0
3735,167
3737,0
3738,139
3740,0
3741,148
3743,0
3744,126
3746,0
3747,143
3749,0
3750,148
3752,0
3753,105
3755,24
3756,133
3758,0
3759,148
3761,0
3762,128
3764,0
3765,125
3767,0
3768,123
3770,0
3771,145
3773,0
3774,146
3776,42
3777,144
3779,0
3780,163
3782,0
3783,152
3785,0
3786,117
3788,0
3789,140
3791,9
3792,143
3794,0
3795,143
3797,0
3798,144
3800,0
3801,135
3803,0
3804,136
3806,0
3807,146
3809,0
3810,136
3812,0
3813,138
3815,0
3816,158
3818,0
3819,142
3821,0
3822,127
3824,0
3825,136
3827,0
3828,141
3830,33
3831,159
3833,88
3834,172
3836,0
3837,226
3839,0
3840,135
3842,0
3843,145
3845,0
3846,125
3848,0
3849,121
3851,0
3852,95
3854,0
3855,139
3857,0
3858,128
3860,0
3861,123
3863,0
3864,122
3866,35
3867,143
3869,0
3870,186
3872,0
3873,138
3875,0
3876,132
3878,0
3879,137
3881,0
3882,154
3884,31
3885,124
3887,0
3888,155
3890,0
3891,127
3893,0
3894,133
3896,0
3897,131
3899,0
3900,141
3902,0
3903,124
3905,0
3906,138
3908,0
3909,137
3911,0
3912,147
3914,87
3915,125
3917,0
3918,216
3920,0
3921,135
3923,0
3924,139
3926,0
3927,135
3929,0
3930,126
3932,0
3933,139
3935,0
3936,136
3938,23
3939,131
3941,78
3942,155
3944,116
3945,206
3947,101
3948,229
3950,199
3951,207
3953,222
3954,343
3956,121
3957,362
3959,199
3960,274
3962,58
3963,318
3965,46
3966,201
3968,0
3969,191
3971,100
3972,122
3974,104
3975,219
3977,0
3978,226
3980,0
3981,130
3983,0
3984,142
3986,0
3987,131
3989,66
3990,111
3992,17
3993,200
3995,0
3996,129
3998,24
3999,157
4001,28
4002,168
4004,0
4005,160
4007,0
4008,156
4010,0
4011,109
4013,0
4014,141
4016,39
4017,121
4019,0
4020,171
4022,2
4023,121
4025,0
4026,125
4028,0
4029,128
4031,0
4032,138
4034,0
4035,131
4037,26
4038,151
4040,0
4041,151
4043,0
4044,128
4046,0
4047,128
4049,0
4050,129
4052,0
4053,121
4055,0
4056,123
4058,0
4059,134
4061,0
4062,150
4064,0
4065,157
4067,14
4068,139
4070,0
4071,161
4073,0
4074,129
4076,0
4077,124
4079,0
4080,109
4082,0
4083,137
4085,0
4086,114
4088,0
4089,129
4091,0
4092,145
4094,0
4095,137
4097,0
4098,127
4100,0
4101,132
4103,13
4104,143
4106,0
4107,142
4109,20
4110,142
4112,0
4113,174
4115,0
4116,132
4118,0
4119,119
4121,0
4122,124
4124,0
4125,131
4127,0
4128,136
4130,32
4131,125
4133,0
4134,145
4136,0
4137,117
4139,0
4140,125
4142,0
4143,117
4145,31
4146,123
4148,0
4149,173
4151,22
4152,131
4154,0
4155,156
4157,0
4158,139
4160,0
4161,112
4163,0
4164,119
4166,0
4167,123
4169,0
4170,128
4172,0
4173,128
4175,139
4176,130
4178,0
4179,278
4181,65
4182,135
4184,79
4185,195
4187,174
4188,216
4190,25
4191,302
4193,0
4194,166
4196,0
4197,121
4199,0
4200,145
4202,0
4203,123
4205,0
4206,122
4208,35
4209,133
4211,0
4212,171
4214,0
4215,130
4217,0
4218,138
4220,0
4221,125
4223,0
4224,137
4226,0
4227,91
4229,0
4230,130
4232,0
4233,132
4235,0
4236,128
4238,23
4239,134
4241,1
4242,152
4244,0
4245,120
4247,0
4248,134
4250,0
4251,135
4253,0
4254,117
4256,0
4257,137
4259,0
4260,130
4262,55
4263,131
4265,0
4266,202
4268,4
4269,134
4271,0
4272,124
4274,89
4275,113
4277,26
4278,237
4280,0
4281,147
4283,0
4284,154
4286,0
4287,124
4289,0
4290,127
4292,0
4293,133
4295,0
4296,151
4298,0
4299,128
4301,0
4302,116
4304,0
4305,142
4307,0
4308,127
4310,0
4311,128
4313,0
4314,141
4316,0
4317,139
4319,0
4320,136
4322,0
4323,122
4325,0
4326,151
4328,15
4329,133
4331,43
4332,160
4334,0
4335,185
4337,43
4338,129
4340,63
4341,163
4343,0
4344,202
4346,0
4347,130
4349,0
4350,147
4352,0
4353,122
4355,0
4356,136
4358,0
4359,149
4361,0
4362,118
4364,0
4365,153
4367,0
4368,129
4370,0
4371,130
4373,0
4374,131
4376,0
4377,148
4379,0
4380,137
4382,0
4383,104
4385,4
4386,139
4388,0
4389,138
4391,0
4392,123
4394,0
4395,139
4397,0
4398,125
4400,27
4401,134
4403,0
4404,164
4406,0
4407,113
4409,0
4410,142
4412,0
4413,126
4415,0
4416,126
4418,0
4419,144
4421,0
4422,123
4424,0
4425,139
4427,0
4428,151
4430,0
4431,148
4433,0
4434,130
4436,0
4437,133
4439,0
4440,121
4442,0
4443,130
4445,0
4446,127
4448,0
4449,125
4451,16
4452,145
4454,0
4455,129
4457,0
4458,150
4460,14
4461,148
4463,0
4464,154
4466,0
4467,128
4469,118
4470,145
4472,0
4473,273
4475,50
4476,118
4478,342
4479,197
4481,100
4482,453
4484,0
4485,243
4487,0
4488,118
4490,0
4491,120
4493,0
4494,145
4496,0
4497,125
4499,7
4500,140
4502,179
4503,149
4505,146
4506,331
4508,214
4509,289
4511,156
4512,357
4514,0
4515,276
4517,0
4518,143
4520,0
4521,144
4523,62
4524,142
4526,0
4527,203
4529,0
4530,139
4532,0
4533,135
4535,0
4536,103
4538,0
4539,131
4541,0
4542,142
4544,0
4545,146
4547,0
4548,125
4550,0
4551,117
4553,0
4554,129
4556,0
4557,126
4559,0
4560,132
4562,0
4563,128
4565,90
4566,140
4568,42
4569,232
4571,0
4572,171
4574,0
4575,143
4577,0
4578,130
4580,0
4581,128
4583,0
4584,125
4586,17
4587,143
4589,78
4590,160
4592,0
4593,211
4595,65
4596,157
4598,0
4599,198
4601,0
4602,134
4604,46
4605,135
4607,75
4608,170
4610,0
4611,192
4613,0
4614,136
4616,0
4617,124
4619,0
4620,126
4622,29
4623,130
4625,0
4626,173
4628,0
4629,136
4631,0
4632,139
4634,0
4635,141
4637,0
4638,154
4640,0
4641,136
4643,44
4644,148
4646,0
4647,162
4649,0
4650,139
4652,0
4653,139
4655,36
4656,150
4658,0
4659,143
4661,0
4662,131
4664,51
4665,131
4667,6
4668,198
4670,0
4671,123
4673,73
4674,117
4676,21
4677,203
4679,0
4680,145
4682,0
4683,132
4685,157
4686,153
4688,0
4689,290
4691,3
4692,111
4694,0
4695,118
4697,0
4698,140
4700,0
4701,137
4703,0
4704,128
4706,0
4707,131
4709,0
4710,127
4712,0
4713,128
4715,0
4716,127
4718,0
4719,122
4721,0
4722,124
4724,0
4725,124
4727,0
4728,143
4730,6
4731,129
4733,15
4734,155
4736,0
4737,145
4739,35
4740,137
4742,0
4743,164
4745,0
4746,152
4748,0
4749,147
4751,0
4752,130
4754,8
4755,133
4757,28
4758,140
4760,0
4761,184
4763,98
4764,151
4766,90
4767,240
4769,0
4770,233
4772,0
4773,134
4775,0
4776,129
4778,18
4779,124
4781,74
4782,142
4784,50
4785,201
4787,0
4788,177
4790,50
4791,124
4793,0
4794,190
4796,0
4797,132
4799,0
4800,141
4802,0
4803,128
4805,0
4806,138
4808,0
4809,148
4811,0
4812,113
4814,0
4815,117
4817,0
4818,133
4820,0
4821,144
4823,0
4824,123
4826,0
4827,136
4829,0
4830,134
4832,8
4833,103
4835,0
4836,112
4838,0
4839,154
4841,0
4842,128
4844,0
4845,138
4847,0
4848,126
4850,0
4851,149
4853,0
4854,142
4856,0
4857,132
4859,0
4860,120
4862,0
4863,133
4865,2
4866,136
4868,0
4869,118
4871,76
4872,126
4874,0
4875,207
4877,0
4878,138
4880,43
4881,115
4883,189
4884,189
4886,83
4887,327
4889,127
4890,234
4892,0
4893,261
4895,0
4896,153
4898,0
4899,138
4901,0
4902,132
4904,0
4905,135
4907,0
4908,138
4910,0
4911,130
4913,0
4914,128
4916,0
4917,119
4919,0
4920,162
4922,44
4923,131
4925,0
4926,170
4928,0
4929,140
4931,0
4932,128
4934,0
4935,126
4937,0
4938,147
4940,0
4941,131
4943,0
4944,142
4946,11
4947,115
4949,0
4950,160
4952,13
4953,144
4955,0
4956,174
4958,0
4959,130
4961,0
4962,127
4964,0
4965,138
4967,0
4968,150
4970,0
4971,126
4973,0
4974,132
4976,0
4977,159
4979,0
4980,144
4982,0
4983,135
4985,0
4986,121
4988,0
4989,140
4991,0
4992,136
4994,0
4995,141
4997,0
4998,134
5000,0
5001,126
5003,0
5004,136
5006,0
5007,103
5009,0
5010,156
5012,21
5013,127
5015,0
5016,165
5018,0
5019,141
5021,0
5022,125
5024,84
5025,148
5027,114
5028,214
5030,0
5031,251
5033,50
5034,123
5036,0
5037,174
5039,0
5040,108
5042,46
5043,125
5045,0
5046,155
5048,0
5049,118
5051,0
5052,119
5054,27
5055,145
5057,0
5058,153
5060,0
5061,156
5063,0
5064,154
5066,0
5067,137
5069,0
5070,129
5072,64
5073,131
5075,0
5076,196
5078,0
5079,133
5081,0
5082,134
5084,12
5085,147
5087,0
5088,152
5090,0
5091,132
5093,0
5094,128
5096,50
5097,140
5099,0
5100,171
5102,0
5103,137
5105,0
5106,132
5108,12
5109,141
5111,0
5112,155
5114,0
5115,165
5117,0
5118,126
5120,0
5121,138
5123,0
5124,126
5126,0
5127,134
5129,0
5130,140
5132,2
5133,148
5135,0
5136,133
5138,10
5139,147
5141,0
5142,111
5144,0
5145,133
5147,0
5148,152
5150,0
5151,144
5153,0
5154,154
5156,22
5157,129
5159,0
5160,147
5162,0
5163,136
5165,0
5166,131
5168,0
5169,127
5171,0
5172,130
5174,0
5175,134
5177,0
5178,122
5180,0
5181,140
5183,0
5184,119
5186,0
5187,118
5189,0
5190,129
5192,0
5193,157
5195,0
5196,147
5198,0
5199,112
5201,0
5202,127
5204,0
5205,142
5207,68
5208,120
5210,0
5211,196
5213,0
5214,130
5216,0
5217,149
5219,0
5220,132
5222,0
5223,125
5225,0
5226,127
5228,0
5229,116
5231,0
5232,135
5234,0
5235,127
5237,0
5238,126
5240,28
5241,133
5243,0
5244,163
5246,0
5247,124
5249,0
5250,135
5252,0
5253,140
5255,0
5256,141
5258,0
5259,129
5261,0
5262,118
5264,0
5265,134
5267,0
5268,109
5270,0
5271,115
5273,0
5274,138
5276,0
5277,140
5279,0
5280,126
5282,0
5283,135
5285,0
5286,141
5288,0
5289,129
5291,0
5292,104
5294,0
5295,137
5297,0
5298,137
5300,0
5301,120
5303,0
5304,139
5306,0
5307,144
5309,0
5310,132
5312,0
5313,129
5315,0
5316,120
5318,0
5319,117
5321,0
5322,128
5324,0
5325,120
5327,0
5328,125
5330,1
5331,145
5333,0
5334,137
5336,0
5337,141
5339,0
5340,123
5342,0
5343,136
5345,54
5346,131
5348,0
5349,187
5351,0
5352,137
5354,0
5355,112
5357,0
5358,127
5360,0
5361,134
5363,0
5364,134
5366,0
5367,121
5369,0
5370,129
5372,0
5373,133
5375,0
5376,124
5378,0
5379,123
5381,0
5382,119
5384,0
5385,127
5387,0
5388,121
5390,0
5391,147
5393,0
5394,122
5396,23
5397,115
5399,0
5400,149
5402,0
5403,124
5405,0
5406,137
5408,0
5409,147
5411,0
5412,140
5414,0
5415,121
5417,0
5418,125
5420,0
5421,138
5423,62
5424,135
5426,124
5427,217
5429,0
5430,261
5432,44
5433,132
5435,0
5436,173
5438,0
5439,145
5441,0
5442,139
5444,0
5445,121
5447,143
5448,149
5450,0
5451,264
5453,0
5454,140
5456,0
5457,156
5459,0
5460,138
5462,113
5463,142
5465,0
5466,236
5468,41
5469,140
5471,4
5472,164
5474,0
5475,130
5477,32
5478,134
5480,0
5481,159
5483,0
5484,138
5486,0
5487,134
5489,0
5490,145
5492,0
5493,125
5495,35
5496,158
5498,13
5499,143
5501,0
5502,174
5504,0
5505,143
5507,34
5508,119
5510,0
5511,170
5513,0
5514,140
5516,0
5517,152
5519,0
5520,111
5522,0
5523,106
5525,0
5526,126
5528,0
5529,139
5531,0
5532,133
5534,0
5535,153
5537,0
5538,144
5540,0
5541,124
5543,0
5544,153
5546,0
5547,151
5549,0
5550,124
5552,0
5553,129
5555,0
5556,131
5558,0
5559,127
5561,0
5562,143
5564,0
5565,111
5567,0
5568,136
5570,0
5571,125
5573,0
5574,136
5576,9
5577,157
5579,0
5580,136
5582,0
5583,137
5585,0
5586,128
5588,0
5589,137
5591,0
5592,156
5594,0
5595,148
5597,0
5598,139
5600,16
5601,158
5603,0
5604,149
5606,0
5607,120
5609,0
5610,140
5612,0
5613,114
5615,0
5616,146
5618,0
5619,133
5621,0
5622,136
5624,0
5625,133
5627,0
5628,127
5630,0
5631,126
5633,0
5634,129
5636,0
5637,153
5639,0
5640,137
5642,0
5643,130
5645,0
5646,143
5648,0
5649,131
5651,0
5652,136
5654,0
5655,125
5657,0
5658,125
5660,0
5661,133
5663,0
5664,132
5666,0
5667,126
5669,0
5670,128
5672,54
5673,127
5675,0
5676,187
5678,0
5679,116
5681,72
5682,142
5684,0
5685,202
5687,0
5688,138
5690,0
5691,150
5693,16
5694,109
5696,0
5697,154
5699,93
5700,137
5702,12
5703,242
5705,0
5706,136
5708,84
5709,124
5711,0
5712,215
5714,0
5715,150
5717,0
5718,129
5720,0
5721,131
5723,0
5724,129
5726,0
5727,120
5729,0
5730,131
5732,43
5733,124
5735,94
5736,163
5738,1
5739,222
5741,0
5742,109
5744,0
5745,126
5747,0
5748,133
5750,0
5751,128
5753,0
5754,137
5756,56
5757,128
5759,61
5760,192
5762,33
5763,197
5765,0
5766,190
5768,0
5769,116
5771,0
5772,142
5774,108
5775,124
5777,0
5778,222
5780,12
5781,132
5783,0
5784,143
5786,0
5787,124
5789,0
5790,138
5792,0
5793,134
5795,0
5796,140
5798,0
5799,130
5801,0
5802,128
5804,126
5805,139
5807,0
5808,263
5810,0
5811,156
5813,0
5814,160
5816,0
5817,141
5819,0
5820,113
5822,0
5823,128
5825,55
5826,129
5828,25
5829,190
5831,0
5832,180
5834,30
5835,134
5837,0
5838,175
5840,217
5841,141
5843,12
5844,361
5846,0
5847,158
5849,81
5850,132
5852,30
5853,219
5855,0
5856,179
5858,0
5859,132
5861,0
5862,139
5864,0
5865,136
5867,0
5868,132
5870,0
5871,144
5873,0
5874,130
5876,0
5877,110
5879,0
5880,146
5882,0
5883,134
5885,0
5886,153
5888,0
5889,130
5891,0
5892,134
5894,81
5895,132
5897,23
5898,224
5900,0
5901,159
5903,0
5904,127
5906,0
5907,128
5909,0
5910,154
5912,0
5913,144
5915,0
5916,143
5918,0
5919,139
5921,0
5922,137
5924,0
5925,135
5927,0
5928,129
5930,0
5931,146
5933,0
5934,117
5936,0
5937,147
5939,0
5940,132
5942,0
5943,139
5945,0
5946,118
5948,0
5949,121
5951,0
5952,142
5954,29
5955,132
5957,0
5958,147
5960,0
5961,151
5963,0
5964,125
5966,0
5967,155
5969,0
5970,143
5972,30
5973,109
5975,0
5976,158
5978,6
5979,126
5981,0
5982,144
5984,0
5985,138
5987,0
5988,137
5990,0
5991,139
5993,0
5994,145
5996,0
5997,127
5999,90
6000,141
6002,83
6003,210
6005,0
6006,214
6008,0
6009,123
6011,0
6012,134
6014,0
6015,126
6017,0
6018,131
6020,0
6021,130
6023,83
6024,138
6026,88
6027,208
6029,0
6030,228
6032,0
6033,136
6035,0
6036,142
6038,56
6039,129
6041,0
6042,162
6044,0
6045,150
6047,0
6048,130
6050,0
6051,142
6053,49
6054,124
6056,0
6057,184
6059,0
6060,123
6062,0
6063,154
6065,0
6066,128
6068,0
6069,136
6071,0
6072,98
6074,0
6075,143
6077,0
6078,123
6080,0
6081,137
6083,0
6084,114
6086,0
6087,140
6089,0
6090,134
6092,3
6093,131
6095,0
6096,140
6098,0
6099,127
6101,0
6102,142
6104,129
6105,125
6107,54
6108,256
6110,0
6111,196
6113,0
6114,132
6116,0
6117,135
6119,0
6120,143
6122,0
6123,126
6125,0
6126,126
6128,0
6129,134
6131,0
6132,146
6134,0
6135,136
6137,0
6138,122
6140,0
6141,135
6143,0
6144,125
6146,0
6147,139
6149,0
6150,113
6152,106
6153,137
6155,7
6156,240
6158,0
6159,156
6161,0
6162,125
6164,55
6165,167
6167,0
6168,176
6170,0
6171,120
6173,0
6174,136
6176,0
6177,120
6179,0
6180,125
6182,0
6183,132
6185,28
6186,140
6188,64
6189,169
6191,107
6192,181
6194,2
6195,233
6197,0
6198,145
6200,17
6201,120
6203,0
6204,152
6206,0
6207,123
6209,0
6210,131
6212,0
6213,121
6215,18
6216,133
6218,0
6219,154
6221,22
6222,138
6224,18
6225,158
6227,0
6228,139
6230,0
6231,125
6233,0
6234,152
6236,0
6237,124
6239,0
6240,146
6242,0
6243,133
6245,0
6246,141
6248,0
6249,149
6251,0
6252,122
6254,0
6255,132
6257,0
6258,125
6260,0
6261,143
6263,0
6264,124
6266,0
6267,148
6269,0
6270,132
6272,0
6273,124
6275,143
6276,129
6278,0
6279,270
6281,0
6282,124
6284,15
6285,139
6287,63
6288,147
6290,30
6291,191
6293,0
6294,158
6296,0
6297,126
6299,83
6300,131
6302,141
6303,223
6305,45
6306,267
6308,0
6309,202
6311,0
6312,148
6314,0
6315,129
6317,0
6318,141
6320,0
6321,140
6323,0
6324,125
6326,0
6327,152
6329,56
6330,127
6332,0
6333,182
6335,0
6336,152
6338,0
6339,133
6341,0
6342,158
6344,0
6345,146
6347,0
6348,129
6350,0
6351,125
6353,0
6354,154
6356,0
6357,137
6359,0
6360,132
6362,0
6363,118
6365,38
6366,143
6368,0
6369,174
6371,0
6372,141
6374,0
6375,118
6377,0
6378,124
6380,28
6381,135
6383,0
6384,171
6386,0
6387,147
6389,0
6390,148
6392,0
6393,119
6395,54
6396,137
6398,0
6399,210
6401,0
6402,135
6404,0
6405,130
6407,0
6408,150
6410,23
6411,146
6413,42
6414,164
6416,0
6417,147
6419,0
6420,140
6422,0
6423,125
6425,0
6426,128
6428,152
6429,121
6431,0
6432,292
6434,0
6435,125
6437,0
6438,136
6440,0
6441,121
6443,0
6444,139
6446,0
6447,123
6449,0
6450,136
6452,0
6453,143
6455,0
6456,125
6458,0
6459,140
6461,0
6462,133
6464,0
6465,121
6467,0
6468,134
6470,0
6471,125
6473,0
6474,141
6476,0
6477,133
6479,25
6480,129
6482,2
6483,142
6485,0
6486,165
6488,0
6489,130
6491,0
6492,147
6494,86
6495,142
6497,0
6498,206
6500,35
6501,138
6503,0
6504,176
6506,0
6507,111
6509,198
6510,156
6512,125
6513,322
6515,86
6516,252
6518,14
6519,222
6521,0
6522,150
6524,0
6525,135
6527,0
6528,123
6530,0
6531,124
6533,0
6534,137
6536,0
6537,144
6539,0
6540,126
6542,0
6543,132
6545,0
6546,142
6548,0
6549,149
6551,0
6552,125
6554,40
6555,119
6557,0
6558,184
6560,0
6561,130
6563,0
6564,118
6566,0
6567,118
6569,0
6570,132
6572,0
6573,136
6575,0
6576,130
6578,0
6579,130
6581,0
6582,111
6584,0
6585,134
6587,0
6588,126
6590,0
6591,141
6593,0
6594,125
6596,161
6597,138
6599,32
6600,267
6602,0
6603,179
6605,0
6606,127
6608,0
6609,139
6611,0
6612,116
6614,0
6615,150
6617,59
6618,135
6620,32
6621,209
6623,0
6624,154
6626,0
6627,139
6629,0
6630,150
6632,0
6633,136
6635,3
6636,133
6638,0
6639,130
6641,20
6642,127
6644,0
6645,152
6647,0
6648,151
6650,0
6651,127
6653,0
6654,134
6656,0
6657,148
6659,15
6660,130
6662,0
6663,161
6665,0
6666,150
6668,0
6669,139
6671,0
6672,124
6674,0
6675,132
6677,0
6678,135
6680,0
6681,135
6683,0
6684,129
6686,0
6687,136
6689,0
6690,123
6692,0
6693,135
6695,8
6696,119
6698,117
6699,131
6701,26
6702,255
6704,0
6705,133
6707,0
6708,135
6710,0
6711,130
6713,0
6714,131
6716,0
6717,143
6719,0
6720,128
6722,0
6723,115
6725,0
6726,123
6728,0
6729,133
6731,0
6732,147
6734,0
6735,130
6737,0
6738,125
6740,0
6741,134
6743,0
6744,119
6746,0
6747,143
6749,0
6750,131
6752,8
6753,135
6755,0
6756,146
6758,0
6759,120
6761,0
6762,131
6764,0
6765,141
6767,21
6768,112
6770,0
6771,135
6773,0
6774,110
6776,1
6777,138
6779,0
6780,149
6782,0
6783,140
6785,0
6786,113
6788,0
6789,137
6791,0
6792,119
6794,0
6795,152
6797,0
6798,133
6800,0
6801,126
6803,78
6804,119
6806,0
6807,210
6809,64
6810,144
6812,0
6813,204
6815,0
6816,142
6818,0
6819,128
6821,0
6822,127
6824,0
6825,148
6827,0
6828,129
6830,0
6831,123
6833,48
6834,144
6836,0
6837,183
6839,0
6840,131
6842,0
6843,139
6845,115
6846,162
6848,182
6849,248
6851,14
6852,325
6854,0
6855,125
6857,51
6858,123
6860,0
6861,212
6863,0
6864,138
6866,20
6867,131
6869,13
6870,163
6872,44
6873,144
6875,72
6876,173
6878,0
6879,186
6881,0
6882,142
6884,0
6885,139
6887,0
6888,144
6890,0
6891,139
6893,0
6894,128
6896,0
6897,140
6899,0
6900,144
6902,68
6903,129
6905,0
6906,189
6908,0
6909,129
6911,16
6912,144
6914,0
6915,134
6917,0
6918,137
6920,0
6921,119
6923,0
6924,131
6926,0
6927,146
6929,0
6930,132
6932,48
6933,140
6935,0
6936,153
6938,0
6939,125
6941,65
6942,158
6944,281
6945,220
6947,62
6948,412
6950,0
6951,195
6953,0
6954,113
6956,0
6957,111
6959,0
6960,128
6962,0
6963,155
6965,0
6966,140
6968,40
6969,145
6971,0
6972,171
6974,13
6975,131
6977,0
6978,145
6980,0
6981,129
6983,0
6984,149
6986,0
6987,125
6989,0
6990,117
6992,27
6993,130
6995,0
6996,161
6998,0
6999,128
7001,0
7002,121
7004,0
7005,124
7007,0
7008,134
7010,0
7011,140
7013,0
7014,149
7016,0
7017,106
7019,0
7020,137
7022,0
7023,116
7025,0
7026,137
7028,0
7029,138
7031,27
7032,148
7034,0
7035,166
7037,0
7038,141
7040,0
7041,131
7043,0
7044,121
7046,0
7047,128
7049,0
7050,144
7052,0
7053,119
7055,0
7056,126
7058,0
7059,128
7061,0
7062,139
7064,0
7065,131
7067,0
7068,138
7070,0
7071,149
7073,0
7074,120
7076,0
7077,128
7079,0
7080,119
7082,0
7083,114
7085,0
7086,143
7088,0
7089,143
7091,0
7092,132
7094,0
7095,127
7097,0
7098,116
7100,51
7101,127
7103,0
7104,183
7106,0
7107,126
7109,32
7110,136
7112,0
7113,170
7115,0
7116,118
7118,1
7119,124
7121,0
7122,136
7124,19
7125,122
7127,0
7128,136
7130,34
7131,136
7133,78
7134,172
7136,0
7137,209
7139,0
7140,152
7142,0
7143,133
7145,0
7146,136
7148,0
7149,129
7151,0
7152,142
7154,0
7155,139
7157,0
7158,142
7160,0
7161,135
7163,0
7164,138
7166,0
7167,126
7169,0
7170,131
7172,0
7173,142
7175,0
7176,139
7178,0
7179,121
7181,0
7182,140
7184,0
7185,111
7187,46
7188,117
7190,0
7191,191
7193,32
7194,118
7196,0
7197,167
7199,0
7200,112
7202,0
7203,129
7205,36
7206,150
7208,0
7209,165
7211,0
7212,134
7214,0
7215,141
7217,0
7218,125
7220,0
7221,143
7223,0
7224,140
7226,0
7227,137
7229,108
7230,134
7232,84
7233,266
7235,0
7236,214
7238,96
7239,115
7241,0
7242,227
7244,0
7245,130
7247,0
7248,150
7250,0
7251,150
7253,0
7254,137
7256,0
7257,158
7259,0
7260,135
7262,0
7263,143
7265,0
7266,128
7268,0
7269,145
7271,0
7272,123
7274,0
7275,131
7277,0
7278,155
7280,0
7281,134
7283,0
7284,121
7286,3
7287,133
7289,0
7290,148
7292,0
7293,140
7295,0
7296,132
7298,0
7299,134
7301,0
7302,137
7304,0
7305,132
7307,0
7308,135
7310,0
7311,122
7313,0
7314,133
7316,0
7317,133
7319,0
7320,131
7322,0
7323,108
7325,0
7326,131
7328,0
7329,118
7331,3
7332,125
7334,57
7335,140
7337,0
7338,195
7340,0
7341,143
7343,0
7344,132
7346,0
7347,145
7349,186
7350,138
7352,14
7353,320
7355,0
7356,147
7358,0
7359,141
7361,0
7362,137
7364,0
7365,145
7367,0
7368,124
7370,0
7371,129
7373,0
7374,123
7376,0
7377,119
7379,0
7380,128
7382,0
7383,145
7385,0
7386,135
7388,0
7389,120
7391,0
7392,136
7394,61
7395,126
7397,0
7398,196
7400,0
7401,133
7403,0
7404,127
7406,0
7407,121
7409,0
7410,144
7412,0
7413,129
7415,0
7416,131
7418,19
7419,167
7421,0
7422,160
7424,0
7425,130
7427,0
7428,134
7430,107
7431,141
7433,0
7434,243
7436,0
7437,151
7439,15
7440,115
7442,0
7443,140
7445,0
7446,152
7448,1
7449,120
7451,16
7452,147
7454,0
7455,150
7457,0
7458,136
7460,0
7461,147
7463,57
7464,121
7466,0
7467,192
7469,72
7470,133
7472,0
7473,187
7475,0
7476,133
7478,36
7479,141
7481,0
7482,157
7484,0
7485,133
7487,0
7488,155
7490,0
7491,133
7493,66
7494,139
7496,110
7497,190
7499,0
7500,241
7502,0
7503,133
7505,0
7506,148
7508,0
7509,125
7511,0
7512,144
7514,0
7515,109
7517,152
7518,133
7520,129
7521,299
7523,36
7524,258
7526,0
7527,177
7529,0
7530,123
7532,56
7533,123
7535,133
7536,192
7538,173
7539,275
7541,53
7542,291
7544,0
7545,171
7547,0
7548,135
7550,0
7551,142
7553,33
7554,131
7556,0
7557,174
7559,0
7560,142
7562,0
7563,135
7565,0
7566,142
7568,0
7569,162
7571,50
7572,142
7574,0
7575,174
7577,0
7578,136
7580,82
7581,127
7583,71
7584,220
7586,45
7587,185
7589,66
7590,176
7592,0
7593,189
7595,9
7596,145
7598,0
7599,156
7601,0
7602,125
7604,0
7605,133
7607,32
7608,144
7610,0
7611,164
7613,4
7614,144
7616,0
7617,114
7619,0
7620,101
7622,0
7623,135
7625,0
7626,116
7628,0
7629,154
7631,0
7632,129
7634,0
7635,135
7637,0
7638,136
7640,0
7641,133
7643,0
7644,119
7646,0
7647,146
7649,69
7650,128
7652,0
7653,199
7655,0
7656,109
7658,17
7659,134
7661,43
7662,142
7664,0
7665,181
7667,9
7668,149
7670,73
7671,136
7673,74
7674,208
7676,0
7677,206
7679,0
7680,136
7682,0
7683,148
7685,0
7686,143
7688,0
7689,115
7691,0
7692,147
7694,0
7695,121
7697,9
7698,119
7700,0
7701,135
7703,0
7704,127
7706,58
7707,139
7709,0
7710,197
7712,25
7713,127
7715,0
7716,151
7718,0
7719,121
7721,0
7722,152
7724,0
7725,134
7727,0
7728,108
7730,0
7731,140
7733,0
7734,134
7736,23
7737,140
7739,0
7740,147
7742,0
7743,143
7745,96
7746,157
7748,0
7749,239
7751,49
7752,121
7754,0
7755,172
7757,0
7758,130
7760,0
7761,119
7763,94
7764,123
7766,78
7767,241
7769,0
7770,212
7772,54
7773,137
7775,0
7776,186
7778,0
7779,131
7781,0
7782,148
7784,0
7785,112
7787,0
7788,146
7790,0
7791,128
7793,39
7794,136
7796,0
7797,177
7799,0
7800,150
7802,0
7803,124
7805,153
7806,143
7808,227
7809,290
7811,151
7812,351
7814,65
7815,288
7817,0
7818,194
7820,0
7821,118
7823,96
7824,122
7826,3
7827,215
7829,0
7830,129
7832,0
7833,108
7835,0
7836,114
7838,0
7839,131
7841,0
7842,126
7844,0
7845,125
7847,0
7848,126
7850,0
7851,125
7853,0
7854,140
7856,10
7857,158
7859,131
7860,156
7862,0
7863,256
7865,0
7866,125
7868,0
7869,144
7871,0
7872,144
7874,0
7875,124
7877,0
7878,120
7880,0
7881,136
7883,0
7884,136
7886,0
7887,138
7889,0
7890,106
7892,4
7893,136
7895,0
7896,120
7898,0
7899,128
7901,0
7902,123
7904,0
7905,126
7907,0
7908,146
7910,0
7911,148
7913,0
7914,144
7916,0
7917,121
7919,0
7920,149
7922,0
7923,143
7925,50
7926,140
7928,0
7929,186
7931,0
7932,148
7934,0
7935,134
7937,0
7938,140
7940,0
7941,140
7943,0
7944,128
7946,0
7947,125
7949,49
7950,129
7952,0
7953,187
7955,7
7956,109
7958,0
7959,153
7961,0
7962,143
7964,0
7965,127
7967,0
7968,141
7970,0
7971,150
7973,0
7974,140
7976,54
7977,142
7979,0
7980,178
7982,0
7983,119
7985,133
7986,142
7988,72
7989,282
7991,15
7992,194
7994,0
7995,153
7997,0
7998,129
8000,0
8001,113
8003,0
8004,130
8006,9
8007,150
8009,0
8010,151
8012,1
8013,121
8015,19
8016,128
8018,0
8019,152
8021,0
8022,123
8024,0
8025,128
8027,154
8028,123
8030,41
8031,276
8033,93
8034,163
8036,0
8037,229
8039,215
8040,132
8042,230
8043,353
8045,329
8046,364
8048,154
8049,466
8051,294
8052,285
8054,320
8055,435
8057,207
8058,442
8060,160
8061,344
8063,38
8064,292
8066,0
8067,162
8069,71
8070,126
8072,0
8073,215
8075,81
8076,132
8078,0
8079,185
8081,0
8082,136
8084,0
8085,131
8087,0
8088,126
8090,0
8091,154
8093,0
8094,123
8096,0
8097,136
8099,97
8100,122
8102,0
8103,233
8105,0
8106,122
8108,66
8109,164
8111,0
8112,208
8114,0
8115,153
8117,0
8118,136
8120,0
8121,142
8123,0
8124,140
8126,100
8127,149
8129,0
8130,224
8132,0
8133,133
8135,0
8136,125
8138,0
8139,122
8141,0
8142,138
8144,0
8145,138
8147,43
8148,122
8150,0
8151,182
8153,64
8154,132
8156,0
8157,183
8159,1
8160,130
8162,0
8163,136
8165,0
8166,121
8168,0
8169,126
8171,0
8172,117
8174,0
8175,127
8177,92
8178,122
8180,0
8181,220
8183,0
8184,121
8186,0
8187,148
8189,11
8190,137
8192,0
8193,145
8195,25
8196,122
8198,0
8199,168
8201,0
8202,145
8204,0
8205,142
8207,0
8208,145
8210,0
8211,139
8213,0
8214,132
8216,0
8217,117
8219,0
8220,133
8222,0
8223,136
8225,0
8226,155
8228,0
8229,132
8231,22
8232,130
8234,0
8235,172
8237,0
8238,119
8240,0
8241,136
8243,0
8244,145
8246,0
8247,132
8249,0
8250,129
8252,0
8253,126
8255,0
8256,134
8258,0
8259,136
8261,0
8262,118
8264,88
8265,135
8267,0
8268,221
8270,0
8271,130
8273,0
8274,146
8276,0
8277,135
8279,0
8280,144
8282,0
8283,135
8285,0
8286,122
8288,0
8289,132
8291,0
8292,146
8294,81
8295,134
8297,0
8298,234
8300,42
8301,131
8303,11
8304,178
8306,0
8307,165
8309,0
8310,117
8312,0
8313,150
8315,0
8316,140
8318,0
8319,140
8321,101
8322,146
8324,0
8325,249
8327,0
8328,126
8330,0
8331,115
8333,0
8334,132
8336,35
8337,145
8339,0
8340,182
8342,0
8343,134
8345,0
8346,139
8348,0
8349,132
8351,0
8352,133
8354,4
8355,125
8357,0
8358,151
8360,73
8361,146
8363,0
8364,193
8366,0
8367,136
8369,28
8370,136
8372,0
8373,183
8375,0
8376,130
8378,0
8379,114
8381,0
8382,145
8384,0
8385,149
8387,0
8388,128
8390,0
8391,139
8393,0
8394,135
8396,2
8397,127
8399,0
8400,138
8402,0
8403,133
8405,82
8406,117
8408,0
8409,210
8411,0
8412,137
8414,0
8415,126
8417,0
8418,132
8420,86
8421,124
8423,168
8424,214
8426,33
8427,303
8429,131
8430,163
8432,0
8433,263
8435,0
8436,145
8438,0
8439,138
8441,0
8442,130
8444,0
8445,147
8447,39
8448,131
8450,0
8451,162
8453,0
8454,133
8456,0
8457,126
8459,0
8460,152
8462,0
8463,142
8465,0
8466,148
8468,0
8469,130
8471,0
8472,130
8474,0
8475,137
8477,0
8478,124
8480,0
8481,141
8483,0
8484,147
8486,15
8487,142
8489,0
8490,142
8492,16
8493,141
8495,0
8496,135
8498,0
8499,118
8501,0
8502,126
8504,0
8505,120
8507,0
8508,130
8510,29
8511,147
8513,0
8514,146
8516,0
8517,137
8519,15
8520,113
8522,224
8523,143
8525,0
8526,365
8528,0
8529,134
8531,0
8532,109
8534,0
8535,133
8537,0
8538,126
8540,0
8541,112
8543,0
8544,136
8546,0
8547,120
8549,0
8550,132
8552,0
8553,148
8555,0
8556,125
8558,0
8559,139
8561,0
8562,140
8564,0
8565,128
8567,93
8568,125
8570,0
8571,222
8573,0
8574,113
8576,0
8577,119
8579,112
8580,131
8582,0
8583,269
8585,0
8586,129
8588,0
8589,133
8591,24
8592,134
8594,0
8595,147
8597,0
8598,120
8600,46
8601,122
8603,0
8604,184
8606,0
8607,152
8609,0
8610,129
8612,0
8613,141
8615,0
8616,136
8618,0
8619,133
8621,0
8622,111
8624,0
8625,134
8627,0
8628,145
8630,0
8631,147
8633,0
8634,125
8636,0
8637,132
8639,41
8640,120
8642,0
8643,164
8645,0
8646,129
8648,0
8649,137
8651,0
8652,124
8654,0
8655,154
8657,68
8658,134
8660,0
8661,221
8663,0
8664,142
8666,0
8667,115
8669,0
8670,142
8672,0
8673,128
8675,0
8676,119
8678,0
8679,134
8681,0
8682,157
8684,0
8685,132
8687,0
8688,129
8690,0
8691,127
8693,0
8694,141
8696,0
8697,114
8699,0
8700,149
8702,0
8703,136
8705,0
8706,135
8708,0
8709,160
8711,0
8712,136
8714,110
8715,132
8717,76
8718,251
8720,44
8721,199
8723,48
8724,205
8726,28
8727,179
8729,0
8730,154
8732,0
8733,141
8735,74
8736,122
8738,0
8739,195
8741,0
8742,124
8744,0
8745,151
8747,0
8748,117
8750,0
8751,125
8753,0
8754,132
8756,0
8757,122
8759,0
8760,134
8762,29
8763,137
8765,0
8766,178
8768,0
8769,141
8771,0
8772,147
8774,0
8775,120
8777,147
8778,152
8780,93
8781,280
8783,0
8784,205
8786,0
8787,127
8789,0
8790,133
8792,0
8793,134
8795,0
8796,128
8798,0
8799,139
8801,47
8802,155
8804,0
8805,180
8807,0
8808,125
8810,0
8811,125
8813,0
8814,119
8816,45
8817,137
8819,112
8820,185
8822,151
8823,231
8825,201
8826,287
8828,146
8829,350
8831,89
8832,274
8834,20
8835,197
8837,0
8838,147
8840,0
8841,138
8843,0
8844,137
8846,0
8847,134
8849,85
8850,144
8852,0
8853,216
8855,0
8856,141
8858,11
8859,146
8861,0
8862,129
8864,0
8865,138
8867,0
8868,126
8870,0
8871,112
8873,0
8874,128
8876,0
8877,130
8879,0
8880,127
8882,8
8883,156
8885,69
8886,153
8888,0
8889,197
8891,0
8892,116
8894,0
8895,131
8897,0
8898,115
8900,0
8901,140
8903,0
8904,122
8906,0
8907,110
8909,0
8910,119
8912,0
8913,118
8915,0
8916,138
8918,0
8919,126
8921,0
8922,151
8924,51
8925,148
8927,123
8928,183
8930,163
8931,247
8933,131
8934,286
8936,0
8937,255
8939,0
8940,98
8942,0
8943,130
8945,0
8946,118
8948,0
8949,144
8951,0
8952,133
8954,0
8955,134
8957,0
8958,142
8960,0
8961,143
8963,0
8964,130
8966,12
8967,146
8969,0
8970,131
8972,0
8973,133
8975,0
8976,108
8978,0
8979,149
8981,0
8982,146
8984,0
8985,142
8987,0
8988,105
8990,0
8991,118
8993,0
8994,151
8996,0
8997,121
8999,0
